##BEG header separator=,
Start Date,Wed Mar 11 01:35:28 2015
End Date,Wed Mar 11 01:35:30 2015
Duration,2.508088,sec
Application Name,unknown
Type of Report,final
Thread Count,4
ompP Version Major,0
ompP Version Minor,8
ompP Version Revision,99
ompP Build Date,Nov 16 2014 11:48:18
PAPI Support,available
Max Counters,4
PAPI Active,no
Used Counters,0
OMPP_CTR1,not set
OMPP_CTR2,not set
OMPP_CTR3,not set
OMPP_CTR4,not set
Max Evaluators,4
Used Evaluators,0
OMPP_EVAL1,not set
OMPP_EVAL2,not set
OMPP_EVAL3,not set
OMPP_EVAL4,not set
##END header
##BEG region overview
PARALLEL,2
R00001,PARALLEL,main.c,41,42,
R00002,PARALLEL,main.c,180,208,
LOCK,5
R00005,LOCK,
R00006,LOCK,
R00007,LOCK,
R00008,LOCK,
R00009,LOCK,
##END region overview

##BEG ompp callgraph
Inclusive,(%),Exclusive,(%)
2.508088,100.0,0.001472,0.058690,0,[unknown: 4 threads]
0.000146,0.005818,0.000146,0.005818,1,R00001,PARALLEL,main.c,41,42,
2.506470,99.935492,2.506470,99.935492,1,R00002,PARALLEL,main.c,180,208,
##END ompp callgraph

##BEG flat region profiles
##BEG R00001 flat profile
R00001,PARALLEL,main.c,41,42,
TID,execT,execC,bodyT,exitBarT,startupT,shutdwnT,taskT
0,0.000144,1,0.000003,0.000013,0.000123,0.000004,0.000000
1,0.000144,1,0.000003,0.000015,0.000123,0.000003,0.000000
2,0.000144,1,0.000003,0.000015,0.000123,0.000002,0.000000
3,0.000144,1,0.000002,0.000016,0.000123,0.000003,0.000000
SUM,0.000576,4,0.000011,0.000059,0.000492,0.000011,0.000000
##END R00001 flat profile

##BEG R00005 flat profile
R00005,LOCK,
TID,execT,execC,bodyT,enterT,exitT
0,1.696117,12198,0.611409,1.079024,0.005685
1,1.788855,11095,0.566436,1.217195,0.005224
2,1.772190,11508,0.582974,1.183022,0.006194
3,1.580777,14703,0.713254,0.859556,0.007966
SUM,6.837939,49504,2.474073,4.338797,0.025069
##END R00005 flat profile

##BEG R00006 flat profile
R00006,LOCK,
TID,execT,execC,bodyT,enterT,exitT
0,0.598947,9282,0.513223,0.080771,0.004953
1,0.559065,8536,0.453561,0.100663,0.004840
2,0.573549,8775,0.464356,0.103957,0.005236
3,0.682429,10906,0.582629,0.093716,0.006083
SUM,2.413990,37499,2.013770,0.379108,0.021112
##END R00006 flat profile

##BEG R00007 flat profile
R00007,LOCK,
TID,execT,execC,bodyT,enterT,exitT
0,0.255223,6208,0.249978,0.002618,0.002627
1,0.227472,5745,0.222118,0.003047,0.002307
2,0.232713,5861,0.227272,0.003101,0.002341
3,0.292695,7185,0.284941,0.004694,0.003060
SUM,1.008104,24999,0.984309,0.013460,0.010334
##END R00007 flat profile

##BEG R00008 flat profile
R00008,LOCK,
TID,execT,execC,bodyT,enterT,exitT
0,0.059943,3084,0.057780,0.001163,0.001001
1,0.054226,2785,0.052081,0.001263,0.000881
2,0.055424,2839,0.052986,0.001235,0.001204
3,0.075561,3791,0.071373,0.002462,0.001726
SUM,0.245154,12499,0.234220,0.006122,0.004812
##END R00008 flat profile

##BEG R00009 flat profile
R00009,LOCK,
TID,execT,execC,bodyT,enterT,exitT
0,0.000000,0,0.000000,0.000000,0.000000
1,0.000000,0,0.000000,0.000000,0.000000
2,0.000000,0,0.000000,0.000000,0.000000
3,0.000000,0,0.000000,0.000000,0.000000
SUM,0.000000,0,0.000000,0.000000,0.000000
##END R00009 flat profile

##BEG R00002 flat profile
R00002,PARALLEL,main.c,180,208,
TID,execT,execC,bodyT,exitBarT,startupT,shutdwnT,taskT
0,2.506470,1,2.506455,0.000002,0.000006,0.000006,0.000000
1,2.506470,1,2.506451,0.000008,0.000004,0.000006,0.000000
2,2.506470,1,2.506456,0.000002,0.000004,0.000007,0.000000
3,2.506470,1,2.506453,0.000005,0.000005,0.000007,0.000000
SUM,10.025880,4,10.025815,0.000017,0.000019,0.000026,0.000000
##END R00002 flat profile

##END flat region profiles

##BEG callgraph region profiles
##BEG R00001 callgraph profile
[*00],unknown
[=01],R00001,PARALLEL,main.c,41,42,
TID,execT,execC,bodyT/I,bodyT/E,exitBarT,startupT,shutdwnT,taskT
0,0.000146,1,0.000004,0.000004,0.000007,0.000124,0.000004,0.000000
1,0.000146,1,0.000004,0.000004,0.000007,0.000124,0.000002,0.000000
2,0.000146,1,0.000005,0.000005,0.000006,0.000124,0.000002,0.000000
3,0.000146,1,0.000004,0.000004,0.000007,0.000124,0.000002,0.000000
SUM,0.000584,4,0.000017,0.000017,0.000027,0.000496,0.000010,0.000000
##END R00001 callgraph profile

##BEG R00002 callgraph profile
[*00],unknown
[=01],R00002,PARALLEL,main.c,180,208,
TID,execT,execC,bodyT/I,bodyT/E,exitBarT,startupT,shutdwnT,taskT
0,2.506470,1,2.506457,2.506457,0.000002,0.000005,0.000005,0.000000
1,2.506470,1,2.506452,2.506452,0.000007,0.000004,0.000006,0.000000
2,2.506470,1,2.506456,2.506456,0.000003,0.000004,0.000006,0.000000
3,2.506470,1,2.506453,2.506453,0.000005,0.000005,0.000006,0.000000
SUM,10.025880,4,10.025818,10.025818,0.000017,0.000018,0.000023,0.000000
##END R00002 callgraph profile

##END callgraph region profiles

##BEG overhead analysis report
Total runtime (wallclock) [secs],2.508088
Number of threads,4
Number of parallel regions,2
Parallel coverage [secs],2.506614
Parallel coverage [percent],99.941234

##BEG parallel regions sorted by wallclock time
,Type,Wallclock,(%)
R00002,PARALLEL,2.506470,99.935492
R00001,PARALLEL,0.000144,0.005742
SUM,2.506614,,99.941234
##END parallel regions sorted by wallclock time

##BEG overheads for parallel region
,Total,Ovhds,(%),Synch,(%),Imbal,(%),Limpar,(%),Mgmt,(%)
R00002,10.025880,0.000057,0.000571,0.000000,0.000000,0.000017,0.000166,0.000000,0.000000,0.000041,0.000404
R00001,0.000576,0.000532,92.425497,0.000000,0.000000,0.000027,4.635762,0.000000,0.000000,0.000506,87.789735
##END overheads for parallel region

##BEG overheads for whole program
,Total,Ovhds,(%),Synch,(%),Imbal,(%),Limpar,(%),Mgmt,(%)
R00001,0.000576,0.000532,0.005307,0.000000,0.000000,0.000027,0.000266,0.000000,0.000000,0.000506,0.005041
R00002,10.025880,0.000057,0.000570,0.000000,0.000000,0.000017,0.000166,0.000000,0.000000,0.000041,0.000404
SUM,10.026456,0.000590,0.005877,0.000000,0.000000,0.000043,0.000433,0.000000,0.000000,0.000546,0.005445
##END overheads for whole program

##END overhead analysis report

