##BEG header separator=,
Start Date,Wed Mar 11 01:35:24 2015
End Date,Wed Mar 11 01:35:28 2015
Duration,3.895687,sec
Application Name,unknown
Type of Report,final
Thread Count,2
ompP Version Major,0
ompP Version Minor,8
ompP Version Revision,99
ompP Build Date,Nov 16 2014 11:48:18
PAPI Support,available
Max Counters,4
PAPI Active,no
Used Counters,0
OMPP_CTR1,not set
OMPP_CTR2,not set
OMPP_CTR3,not set
OMPP_CTR4,not set
Max Evaluators,4
Used Evaluators,0
OMPP_EVAL1,not set
OMPP_EVAL2,not set
OMPP_EVAL3,not set
OMPP_EVAL4,not set
##END header
##BEG region overview
PARALLEL,2
R00001,PARALLEL,main.c,41,42,
R00002,PARALLEL,main.c,180,208,
LOCK,3
R00005,LOCK,
R00006,LOCK,
R00007,LOCK,
##END region overview

##BEG ompp callgraph
Inclusive,(%),Exclusive,(%)
3.895687,100.0,0.001509,0.038734,0,[unknown: 2 threads]
0.000051,0.001310,0.000051,0.001310,1,R00001,PARALLEL,main.c,41,42,
3.894127,99.959956,3.894127,99.959956,1,R00002,PARALLEL,main.c,180,208,
##END ompp callgraph

##BEG flat region profiles
##BEG R00001 flat profile
R00001,PARALLEL,main.c,41,42,
TID,execT,execC,bodyT,exitBarT,startupT,shutdwnT,taskT
0,0.000048,1,0.000001,0.000004,0.000040,0.000002,0.000000
1,0.000048,1,0.000001,0.000002,0.000042,0.000002,0.000000
SUM,0.000096,2,0.000002,0.000006,0.000082,0.000004,0.000000
##END R00001 flat profile

##BEG R00005 flat profile
R00005,LOCK,
TID,execT,execC,bodyT,enterT,exitT
0,3.309558,24793,1.969518,1.328637,0.011402
1,3.331955,24709,1.894249,1.426946,0.010760
SUM,6.641512,49502,3.863767,2.755584,0.022162
##END R00005 flat profile

##BEG R00006 flat profile
R00006,LOCK,
TID,execT,execC,bodyT,enterT,exitT
0,0.597457,12500,0.585104,0.007342,0.005010
1,0.574829,12499,0.563653,0.006709,0.004467
SUM,1.172286,24999,1.148757,0.014051,0.009477
##END R00006 flat profile

##BEG R00007 flat profile
R00007,LOCK,
TID,execT,execC,bodyT,enterT,exitT
0,0.000000,0,0.000000,0.000000,0.000000
1,0.000000,0,0.000000,0.000000,0.000000
SUM,0.000000,0,0.000000,0.000000,0.000000
##END R00007 flat profile

##BEG R00002 flat profile
R00002,PARALLEL,main.c,180,208,
TID,execT,execC,bodyT,exitBarT,startupT,shutdwnT,taskT
0,3.894126,1,3.894115,0.000004,0.000001,0.000005,0.000000
1,3.894126,1,3.894115,0.000002,0.000003,0.000005,0.000000
SUM,7.788252,2,7.788230,0.000006,0.000004,0.000010,0.000000
##END R00002 flat profile

##END flat region profiles

##BEG callgraph region profiles
##BEG R00001 callgraph profile
[*00],unknown
[=01],R00001,PARALLEL,main.c,41,42,
TID,execT,execC,bodyT/I,bodyT/E,exitBarT,startupT,shutdwnT,taskT
0,0.000051,1,0.000001,0.000001,0.000004,0.000042,0.000003,0.000000
1,0.000051,1,0.000002,0.000002,0.000002,0.000043,0.000002,0.000000
SUM,0.000102,2,0.000003,0.000003,0.000006,0.000085,0.000005,0.000000
##END R00001 callgraph profile

##BEG R00002 callgraph profile
[*00],unknown
[=01],R00002,PARALLEL,main.c,180,208,
TID,execT,execC,bodyT/I,bodyT/E,exitBarT,startupT,shutdwnT,taskT
0,3.894127,1,3.894115,3.894115,0.000003,0.000002,0.000006,0.000000
1,3.894127,1,3.894116,3.894116,0.000002,0.000003,0.000005,0.000000
SUM,7.788254,2,7.788231,7.788231,0.000005,0.000005,0.000011,0.000000
##END R00002 callgraph profile

##END callgraph region profiles

##BEG overhead analysis report
Total runtime (wallclock) [secs],3.895687
Number of threads,2
Number of parallel regions,2
Parallel coverage [secs],3.894174
Parallel coverage [percent],99.961162

##BEG parallel regions sorted by wallclock time
,Type,Wallclock,(%)
R00002,PARALLEL,3.894126,99.959932
R00001,PARALLEL,0.000048,0.001230
SUM,3.894174,,99.961162
##END parallel regions sorted by wallclock time

##BEG overheads for parallel region
,Total,Ovhds,(%),Synch,(%),Imbal,(%),Limpar,(%),Mgmt,(%)
R00002,7.788252,0.000021,0.000269,0.000000,0.000000,0.000005,0.000067,0.000000,0.000000,0.000016,0.000202
R00001,0.000096,0.000096,99.751244,0.000000,0.000000,0.000006,5.970149,0.000000,0.000000,0.000090,93.781095
##END overheads for parallel region

##BEG overheads for whole program
,Total,Ovhds,(%),Synch,(%),Imbal,(%),Limpar,(%),Mgmt,(%)
R00001,0.000096,0.000096,0.001227,0.000000,0.000000,0.000006,0.000073,0.000000,0.000000,0.000090,0.001154
R00002,7.788252,0.000021,0.000269,0.000000,0.000000,0.000005,0.000067,0.000000,0.000000,0.000016,0.000202
SUM,7.788348,0.000117,0.001496,0.000000,0.000000,0.000011,0.000141,0.000000,0.000000,0.000106,0.001356
##END overheads for whole program

##END overhead analysis report

