##BEG header separator=,
Start Date,Wed Mar 11 01:35:50 2015
End Date,Wed Mar 11 01:36:00 2015
Duration,10.037676,sec
Application Name,unknown
Type of Report,final
Thread Count,4
ompP Version Major,0
ompP Version Minor,8
ompP Version Revision,99
ompP Build Date,Nov 16 2014 11:48:18
PAPI Support,available
Max Counters,4
PAPI Active,no
Used Counters,0
OMPP_CTR1,not set
OMPP_CTR2,not set
OMPP_CTR3,not set
OMPP_CTR4,not set
Max Evaluators,4
Used Evaluators,0
OMPP_EVAL1,not set
OMPP_EVAL2,not set
OMPP_EVAL3,not set
OMPP_EVAL4,not set
##END header
##BEG region overview
PARALLEL,2
R00001,PARALLEL,main.c,41,42,
R00002,PARALLEL,main.c,180,208,
LOCK,5
R00005,LOCK,
R00006,LOCK,
R00007,LOCK,
R00008,LOCK,
R00009,LOCK,
##END region overview

##BEG ompp callgraph
Inclusive,(%),Exclusive,(%)
10.037676,100.0,0.002514,0.025042,0,[unknown: 4 threads]
0.000145,0.001447,0.000145,0.001447,1,R00001,PARALLEL,main.c,41,42,
10.035017,99.973511,10.035017,99.973511,1,R00002,PARALLEL,main.c,180,208,
##END ompp callgraph

##BEG flat region profiles
##BEG R00001 flat profile
R00001,PARALLEL,main.c,41,42,
TID,execT,execC,bodyT,exitBarT,startupT,shutdwnT,taskT
0,0.000142,1,0.000001,0.000009,0.000121,0.000011,0.000000
1,0.000142,1,0.000003,0.000006,0.000123,0.000010,0.000000
2,0.000142,1,0.000004,0.000012,0.000123,0.000002,0.000000
3,0.000142,1,0.000003,0.000010,0.000123,0.000006,0.000000
SUM,0.000568,4,0.000011,0.000037,0.000490,0.000029,0.000000
##END R00001 flat profile

##BEG R00005 flat profile
R00005,LOCK,
TID,execT,execC,bodyT,enterT,exitT
0,7.451496,18527,1.916287,5.526371,0.008838
1,7.124914,19681,2.118338,4.997328,0.009247
2,7.089645,20258,2.152887,4.926415,0.010343
3,5.689299,40492,3.777487,1.890234,0.021578
SUM,27.355354,98958,9.965000,17.340348,0.050005
##END R00005 flat profile

##BEG R00006 flat profile
R00006,LOCK,
TID,execT,execC,bodyT,enterT,exitT
0,1.873969,14426,1.600230,0.264052,0.009688
1,2.132602,15800,1.805573,0.316996,0.010033
2,2.162800,16093,1.834014,0.318530,0.010256
3,3.521627,28680,2.856586,0.647609,0.017432
SUM,9.690998,74999,8.096403,1.547186,0.047410
##END R00006 flat profile

##BEG R00007 flat profile
R00007,LOCK,
TID,execT,execC,bodyT,enterT,exitT
0,0.814422,10160,0.804888,0.005174,0.004360
1,0.922801,11669,0.912339,0.005698,0.004764
2,0.929709,11781,0.918979,0.006107,0.004622
3,1.258181,16389,1.240768,0.009730,0.007683
SUM,3.925112,49999,3.876974,0.026709,0.021429
##END R00007 flat profile

##BEG R00008 flat profile
R00008,LOCK,
TID,execT,execC,bodyT,enterT,exitT
0,0.198188,5372,0.193511,0.002541,0.002137
1,0.214395,5687,0.209596,0.002599,0.002199
2,0.215816,5794,0.210569,0.002771,0.002476
3,0.289190,8146,0.279976,0.005356,0.003858
SUM,0.917588,24999,0.893652,0.013266,0.010671
##END R00008 flat profile

##BEG R00009 flat profile
R00009,LOCK,
TID,execT,execC,bodyT,enterT,exitT
0,0.000000,0,0.000000,0.000000,0.000000
1,0.000000,0,0.000000,0.000000,0.000000
2,0.000000,0,0.000000,0.000000,0.000000
3,0.000000,0,0.000000,0.000000,0.000000
SUM,0.000000,0,0.000000,0.000000,0.000000
##END R00009 flat profile

##BEG R00002 flat profile
R00002,PARALLEL,main.c,180,208,
TID,execT,execC,bodyT,exitBarT,startupT,shutdwnT,taskT
0,10.035017,1,10.034990,0.000015,0.000007,0.000004,0.000000
1,10.035017,1,10.034955,0.000017,0.000040,0.000004,0.000000
2,10.035017,1,10.034951,0.000019,0.000042,0.000004,0.000000
3,10.035017,1,10.034944,0.000008,0.000046,0.000019,0.000000
SUM,40.140068,4,40.139840,0.000059,0.000135,0.000030,0.000000
##END R00002 flat profile

##END flat region profiles

##BEG callgraph region profiles
##BEG R00001 callgraph profile
[*00],unknown
[=01],R00001,PARALLEL,main.c,41,42,
TID,execT,execC,bodyT/I,bodyT/E,exitBarT,startupT,shutdwnT,taskT
0,0.000145,1,0.000001,0.000001,0.000006,0.000124,0.000011,0.000000
1,0.000145,1,0.000004,0.000004,0.000003,0.000124,0.000010,0.000000
2,0.000145,1,0.000004,0.000004,0.000003,0.000124,0.000003,0.000000
3,0.000145,1,0.000005,0.000005,0.000003,0.000123,0.000006,0.000000
SUM,0.000581,4,0.000014,0.000014,0.000015,0.000496,0.000030,0.000000
##END R00001 callgraph profile

##BEG R00002 callgraph profile
[*00],unknown
[=01],R00002,PARALLEL,main.c,180,208,
TID,execT,execC,bodyT/I,bodyT/E,exitBarT,startupT,shutdwnT,taskT
0,10.035017,1,10.034989,10.034989,0.000016,0.000007,0.000004,0.000000
1,10.035017,1,10.034955,10.034955,0.000018,0.000039,0.000004,0.000000
2,10.035017,1,10.034951,10.034951,0.000020,0.000041,0.000004,0.000000
3,10.035017,1,10.034947,10.034947,0.000008,0.000043,0.000019,0.000000
SUM,40.140068,4,40.139842,40.139842,0.000062,0.000130,0.000030,0.000000
##END R00002 callgraph profile

##END callgraph region profiles

##BEG overhead analysis report
Total runtime (wallclock) [secs],10.037676
Number of threads,4
Number of parallel regions,2
Parallel coverage [secs],10.035159
Parallel coverage [percent],99.974927

##BEG parallel regions sorted by wallclock time
,Type,Wallclock,(%)
R00002,PARALLEL,10.035017,99.973511
R00001,PARALLEL,0.000142,0.001416
SUM,10.035159,,99.974927
##END parallel regions sorted by wallclock time

##BEG overheads for parallel region
,Total,Ovhds,(%),Synch,(%),Imbal,(%),Limpar,(%),Mgmt,(%)
R00002,40.140068,0.000222,0.000554,0.000000,0.000000,0.000062,0.000154,0.000000,0.000000,0.000161,0.000400
R00001,0.000568,0.000541,95.218121,0.000000,0.000000,0.000015,2.684564,0.000000,0.000000,0.000526,92.533557
##END overheads for parallel region

##BEG overheads for whole program
,Total,Ovhds,(%),Synch,(%),Imbal,(%),Limpar,(%),Mgmt,(%)
R00001,0.000568,0.000541,0.001348,0.000000,0.000000,0.000015,0.000038,0.000000,0.000000,0.000526,0.001310
R00002,40.140068,0.000222,0.000554,0.000000,0.000000,0.000062,0.000154,0.000000,0.000000,0.000161,0.000400
SUM,40.140636,0.000764,0.001902,0.000000,0.000000,0.000077,0.000192,0.000000,0.000000,0.000687,0.001710
##END overheads for whole program

##END overhead analysis report

