##BEG header separator=,
Start Date,Wed Mar 11 01:35:23 2015
End Date,Wed Mar 11 01:35:23 2015
Duration,0.000860,sec
Application Name,unknown
Type of Report,final
Thread Count,4
ompP Version Major,0
ompP Version Minor,8
ompP Version Revision,99
ompP Build Date,Nov 16 2014 11:48:18
PAPI Support,available
Max Counters,4
PAPI Active,no
Used Counters,0
OMPP_CTR1,not set
OMPP_CTR2,not set
OMPP_CTR3,not set
OMPP_CTR4,not set
Max Evaluators,4
Used Evaluators,0
OMPP_EVAL1,not set
OMPP_EVAL2,not set
OMPP_EVAL3,not set
OMPP_EVAL4,not set
##END header
##BEG region overview
PARALLEL,2
R00001,PARALLEL,main.c,41,42,
R00002,PARALLEL,main.c,180,208,
LOCK,5
R00005,LOCK,
R00006,LOCK,
R00007,LOCK,
R00008,LOCK,
R00009,LOCK,
##END region overview

##BEG ompp callgraph
Inclusive,(%),Exclusive,(%)
0.000860,100.0,0.000325,37.787635,0,[unknown: 4 threads]
0.000155,18.020516,0.000155,18.020516,1,R00001,PARALLEL,main.c,41,42,
0.000380,44.191849,0.000380,44.191849,1,R00002,PARALLEL,main.c,180,208,
##END ompp callgraph

##BEG flat region profiles
##BEG R00001 flat profile
R00001,PARALLEL,main.c,41,42,
TID,execT,execC,bodyT,exitBarT,startupT,shutdwnT,taskT
0,0.000152,1,0.000002,0.000005,0.000141,0.000003,0.000000
1,0.000152,1,0.000002,0.000006,0.000140,0.000003,0.000000
2,0.000152,1,0.000002,0.000007,0.000140,0.000002,0.000000
3,0.000152,1,0.000003,0.000004,0.000142,0.000002,0.000000
SUM,0.000608,4,0.000009,0.000022,0.000564,0.000010,0.000000
##END R00001 flat profile

##BEG R00005 flat profile
R00005,LOCK,
TID,execT,execC,bodyT,enterT,exitT
0,0.000292,18,0.000052,0.000229,0.000011
1,0.000278,18,0.000054,0.000209,0.000015
2,0.000300,19,0.000072,0.000216,0.000011
3,0.000224,37,0.000106,0.000096,0.000022
SUM,0.001094,92,0.000283,0.000750,0.000061
##END R00005 flat profile

##BEG R00006 flat profile
R00006,LOCK,
TID,execT,execC,bodyT,enterT,exitT
0,0.000072,14,0.000044,0.000023,0.000004
1,0.000085,15,0.000051,0.000025,0.000009
2,0.000093,16,0.000060,0.000026,0.000007
3,0.000135,29,0.000094,0.000030,0.000011
SUM,0.000385,74,0.000249,0.000104,0.000032
##END R00006 flat profile

##BEG R00007 flat profile
R00007,LOCK,
TID,execT,execC,bodyT,enterT,exitT
0,0.000037,10,0.000024,0.000009,0.000004
1,0.000042,11,0.000033,0.000006,0.000003
2,0.000038,11,0.000023,0.000009,0.000006
3,0.000066,17,0.000048,0.000011,0.000007
SUM,0.000183,49,0.000128,0.000036,0.000019
##END R00007 flat profile

##BEG R00008 flat profile
R00008,LOCK,
TID,execT,execC,bodyT,enterT,exitT
0,0.000011,4,0.000008,0.000001,0.000002
1,0.000020,7,0.000012,0.000005,0.000003
2,0.000017,6,0.000009,0.000006,0.000002
3,0.000023,7,0.000017,0.000003,0.000003
SUM,0.000072,24,0.000046,0.000015,0.000010
##END R00008 flat profile

##BEG R00009 flat profile
R00009,LOCK,
TID,execT,execC,bodyT,enterT,exitT
0,0.000000,0,0.000000,0.000000,0.000000
1,0.000000,0,0.000000,0.000000,0.000000
2,0.000000,0,0.000000,0.000000,0.000000
3,0.000000,0,0.000000,0.000000,0.000000
SUM,0.000000,0,0.000000,0.000000,0.000000
##END R00009 flat profile

##BEG R00002 flat profile
R00002,PARALLEL,main.c,180,208,
TID,execT,execC,bodyT,exitBarT,startupT,shutdwnT,taskT
0,0.000379,1,0.000356,0.000014,0.000005,0.000003,0.000000
1,0.000379,1,0.000352,0.000018,0.000005,0.000003,0.000000
2,0.000379,1,0.000368,0.000002,0.000005,0.000003,0.000000
3,0.000379,1,0.000354,0.000016,0.000005,0.000003,0.000000
SUM,0.001516,4,0.001430,0.000050,0.000020,0.000012,0.000000
##END R00002 flat profile

##END flat region profiles

##BEG callgraph region profiles
##BEG R00001 callgraph profile
[*00],unknown
[=01],R00001,PARALLEL,main.c,41,42,
TID,execT,execC,bodyT/I,bodyT/E,exitBarT,startupT,shutdwnT,taskT
0,0.000155,1,0.000002,0.000002,0.000004,0.000143,0.000004,0.000000
1,0.000155,1,0.000002,0.000002,0.000005,0.000142,0.000003,0.000000
2,0.000155,1,0.000003,0.000003,0.000005,0.000141,0.000003,0.000000
3,0.000155,1,0.000004,0.000004,0.000002,0.000143,0.000003,0.000000
SUM,0.000620,4,0.000011,0.000011,0.000016,0.000569,0.000013,0.000000
##END R00001 callgraph profile

##BEG R00002 callgraph profile
[*00],unknown
[=01],R00002,PARALLEL,main.c,180,208,
TID,execT,execC,bodyT/I,bodyT/E,exitBarT,startupT,shutdwnT,taskT
0,0.000380,1,0.000356,0.000356,0.000014,0.000005,0.000003,0.000000
1,0.000380,1,0.000353,0.000353,0.000017,0.000005,0.000003,0.000000
2,0.000380,1,0.000369,0.000369,0.000001,0.000005,0.000003,0.000000
3,0.000380,1,0.000354,0.000354,0.000016,0.000005,0.000004,0.000000
SUM,0.001520,4,0.001432,0.001432,0.000048,0.000020,0.000013,0.000000
##END R00002 callgraph profile

##END callgraph region profiles

##BEG overhead analysis report
Total runtime (wallclock) [secs],0.000860
Number of threads,4
Number of parallel regions,2
Parallel coverage [secs],0.000531
Parallel coverage [percent],61.768783

##BEG parallel regions sorted by wallclock time
,Type,Wallclock,(%)
R00002,PARALLEL,0.000379,44.080954
R00001,PARALLEL,0.000152,17.687829
SUM,0.000531,,61.768783
##END parallel regions sorted by wallclock time

##BEG overheads for parallel region
,Total,Ovhds,(%),Synch,(%),Imbal,(%),Limpar,(%),Mgmt,(%)
R00002,0.001516,0.000081,5.361635,0.000000,0.000000,0.000048,3.160377,0.000000,0.000000,0.000033,2.201258
R00001,0.000608,0.000598,98.354232,0.000000,0.000000,0.000016,2.664577,0.000000,0.000000,0.000582,95.689655
##END overheads for parallel region

##BEG overheads for whole program
,Total,Ovhds,(%),Synch,(%),Imbal,(%),Limpar,(%),Mgmt,(%)
R00001,0.000608,0.000598,17.396729,0.000000,0.000000,0.000016,0.471306,0.000000,0.000000,0.000582,16.925423
R00002,0.001516,0.000081,2.363460,0.000000,0.000000,0.000048,1.393124,0.000000,0.000000,0.000033,0.970335
SUM,0.002125,0.000680,19.760189,0.000000,0.000000,0.000064,1.864430,0.000000,0.000000,0.000616,17.895758
##END overheads for whole program

##END overhead analysis report

