##BEG header separator=,
Start Date,Wed Mar 11 01:45:02 2015
End Date,Wed Mar 11 01:49:04 2015
Duration,242.450022,sec
Application Name,unknown
Type of Report,final
Thread Count,4
ompP Version Major,0
ompP Version Minor,8
ompP Version Revision,99
ompP Build Date,Nov 16 2014 11:48:18
PAPI Support,available
Max Counters,4
PAPI Active,no
Used Counters,0
OMPP_CTR1,not set
OMPP_CTR2,not set
OMPP_CTR3,not set
OMPP_CTR4,not set
Max Evaluators,4
Used Evaluators,0
OMPP_EVAL1,not set
OMPP_EVAL2,not set
OMPP_EVAL3,not set
OMPP_EVAL4,not set
##END header
##BEG region overview
PARALLEL,2
R00001,PARALLEL,main.c,41,42,
R00002,PARALLEL,main.c,180,208,
LOCK,5
R00005,LOCK,
R00006,LOCK,
R00007,LOCK,
R00008,LOCK,
R00009,LOCK,
##END region overview

##BEG ompp callgraph
Inclusive,(%),Exclusive,(%)
242.450022,100.0,0.015186,0.006264,0,[unknown: 4 threads]
0.000166,0.000068,0.000166,0.000068,1,R00001,PARALLEL,main.c,41,42,
242.434670,99.993668,242.434670,99.993668,1,R00002,PARALLEL,main.c,180,208,
##END ompp callgraph

##BEG flat region profiles
##BEG R00001 flat profile
R00001,PARALLEL,main.c,41,42,
TID,execT,execC,bodyT,exitBarT,startupT,shutdwnT,taskT
0,0.000163,1,0.000001,0.000008,0.000149,0.000004,0.000000
1,0.000163,1,0.000003,0.000007,0.000150,0.000003,0.000000
2,0.000163,1,0.000003,0.000007,0.000150,0.000003,0.000000
3,0.000163,1,0.000002,0.000007,0.000150,0.000003,0.000000
SUM,0.000652,4,0.000009,0.000029,0.000600,0.000013,0.000000
##END R00001 flat profile

##BEG R00005 flat profile
R00005,LOCK,
TID,execT,execC,bodyT,enterT,exitT
0,169.404509,114351,56.239944,113.036359,0.128206
1,171.369731,115629,55.420536,115.825554,0.123641
2,184.798395,96312,46.253812,138.432956,0.111626
3,135.561827,168648,84.119946,51.251813,0.190068
SUM,661.134462,494940,242.034238,418.546683,0.553541
##END R00005 flat profile

##BEG R00006 flat profile
R00006,LOCK,
TID,execT,execC,bodyT,enterT,exitT
0,54.687908,84532,45.146801,9.498612,0.042495
1,53.129432,83172,43.748390,9.340349,0.040693
2,44.170167,71310,36.600072,7.530414,0.039682
3,83.076259,135985,70.507284,12.484092,0.084883
SUM,235.063767,374999,196.002547,38.853468,0.207753
##END R00006 flat profile

##BEG R00007 flat profile
R00007,LOCK,
TID,execT,execC,bodyT,enterT,exitT
0,22.952749,62092,22.894667,0.030631,0.027451
1,22.376348,61337,22.322307,0.027240,0.026800
2,17.140108,46231,17.096756,0.023075,0.020277
3,29.982976,80339,29.900504,0.042573,0.039899
SUM,92.452181,249999,92.214235,0.123519,0.114427
##END R00007 flat profile

##BEG R00008 flat profile
R00008,LOCK,
TID,execT,execC,bodyT,enterT,exitT
0,5.154846,30789,5.130795,0.011894,0.012157
1,5.151817,30279,5.126643,0.013294,0.011879
2,4.092747,24820,4.070444,0.011559,0.010745
3,6.742051,39111,6.699655,0.021514,0.020882
SUM,21.141461,124999,21.027537,0.058260,0.055664
##END R00008 flat profile

##BEG R00009 flat profile
R00009,LOCK,
TID,execT,execC,bodyT,enterT,exitT
0,0.000000,0,0.000000,0.000000,0.000000
1,0.000000,0,0.000000,0.000000,0.000000
2,0.000000,0,0.000000,0.000000,0.000000
3,0.000000,0,0.000000,0.000000,0.000000
SUM,0.000000,0,0.000000,0.000000,0.000000
##END R00009 flat profile

##BEG R00002 flat profile
R00002,PARALLEL,main.c,180,208,
TID,execT,execC,bodyT,exitBarT,startupT,shutdwnT,taskT
0,242.434671,1,242.434640,0.000016,0.000008,0.000006,0.000000
1,242.434671,1,242.434617,0.000002,0.000045,0.000006,0.000000
2,242.434671,1,242.434593,0.000023,0.000048,0.000006,0.000000
3,242.434671,1,242.434608,0.000009,0.000047,0.000006,0.000000
SUM,969.738684,4,969.738458,0.000050,0.000148,0.000024,0.000000
##END R00002 flat profile

##END flat region profiles

##BEG callgraph region profiles
##BEG R00001 callgraph profile
[*00],unknown
[=01],R00001,PARALLEL,main.c,41,42,
TID,execT,execC,bodyT/I,bodyT/E,exitBarT,startupT,shutdwnT,taskT
0,0.000166,1,0.000001,0.000001,0.000006,0.000151,0.000004,0.000000
1,0.000166,1,0.000004,0.000004,0.000003,0.000151,0.000003,0.000000
2,0.000166,1,0.000004,0.000004,0.000003,0.000151,0.000003,0.000000
3,0.000166,1,0.000005,0.000005,0.000002,0.000150,0.000003,0.000000
SUM,0.000664,4,0.000014,0.000014,0.000014,0.000603,0.000013,0.000000
##END R00001 callgraph profile

##BEG R00002 callgraph profile
[*00],unknown
[=01],R00002,PARALLEL,main.c,180,208,
TID,execT,execC,bodyT/I,bodyT/E,exitBarT,startupT,shutdwnT,taskT
0,242.434670,1,242.434640,242.434640,0.000015,0.000008,0.000005,0.000000
1,242.434670,1,242.434618,242.434618,0.000002,0.000043,0.000006,0.000000
2,242.434670,1,242.434594,242.434594,0.000023,0.000046,0.000005,0.000000
3,242.434670,1,242.434609,242.434609,0.000009,0.000045,0.000005,0.000000
SUM,969.738680,4,969.738461,969.738461,0.000049,0.000142,0.000021,0.000000
##END R00002 callgraph profile

##END callgraph region profiles

##BEG overhead analysis report
Total runtime (wallclock) [secs],242.450022
Number of threads,4
Number of parallel regions,2
Parallel coverage [secs],242.434834
Parallel coverage [percent],99.993736

##BEG parallel regions sorted by wallclock time
,Type,Wallclock,(%)
R00002,PARALLEL,242.434671,99.993668
R00001,PARALLEL,0.000163,0.000067
SUM,242.434834,,99.993736
##END parallel regions sorted by wallclock time

##BEG overheads for parallel region
,Total,Ovhds,(%),Synch,(%),Imbal,(%),Limpar,(%),Mgmt,(%)
R00002,969.738684,0.000212,0.000022,0.000000,0.000000,0.000049,0.000005,0.000000,0.000000,0.000163,0.000017
R00001,0.000652,0.000630,96.527778,0.000000,0.000000,0.000014,2.192982,0.000000,0.000000,0.000615,94.334795
##END overheads for parallel region

##BEG overheads for whole program
,Total,Ovhds,(%),Synch,(%),Imbal,(%),Limpar,(%),Mgmt,(%)
R00001,0.000652,0.000630,0.000065,0.000000,0.000000,0.000014,0.000001,0.000000,0.000000,0.000615,0.000063
R00002,969.738684,0.000212,0.000022,0.000000,0.000000,0.000049,0.000005,0.000000,0.000000,0.000163,0.000017
SUM,969.739336,0.000842,0.000087,0.000000,0.000000,0.000064,0.000007,0.000000,0.000000,0.000778,0.000080
##END overheads for whole program

##END overhead analysis report

