##BEG header separator=,
Start Date,Wed Mar 11 01:37:16 2015
End Date,Wed Mar 11 01:37:56 2015
Duration,39.890764,sec
Application Name,unknown
Type of Report,final
Thread Count,4
ompP Version Major,0
ompP Version Minor,8
ompP Version Revision,99
ompP Build Date,Nov 16 2014 11:48:18
PAPI Support,available
Max Counters,4
PAPI Active,no
Used Counters,0
OMPP_CTR1,not set
OMPP_CTR2,not set
OMPP_CTR3,not set
OMPP_CTR4,not set
Max Evaluators,4
Used Evaluators,0
OMPP_EVAL1,not set
OMPP_EVAL2,not set
OMPP_EVAL3,not set
OMPP_EVAL4,not set
##END header
##BEG region overview
PARALLEL,2
R00001,PARALLEL,main.c,41,42,
R00002,PARALLEL,main.c,180,208,
LOCK,5
R00005,LOCK,
R00006,LOCK,
R00007,LOCK,
R00008,LOCK,
R00009,LOCK,
##END region overview

##BEG ompp callgraph
Inclusive,(%),Exclusive,(%)
39.890764,100.0,0.004988,0.012505,0,[unknown: 4 threads]
0.000212,0.000531,0.000212,0.000531,1,R00001,PARALLEL,main.c,41,42,
39.885564,99.986964,39.885564,99.986964,1,R00002,PARALLEL,main.c,180,208,
##END ompp callgraph

##BEG flat region profiles
##BEG R00001 flat profile
R00001,PARALLEL,main.c,41,42,
TID,execT,execC,bodyT,exitBarT,startupT,shutdwnT,taskT
0,0.000210,1,0.000001,0.000020,0.000184,0.000004,0.000000
1,0.000210,1,0.000003,0.000015,0.000185,0.000006,0.000000
2,0.000210,1,0.000003,0.000014,0.000186,0.000007,0.000000
3,0.000210,1,0.000002,0.000017,0.000186,0.000004,0.000000
SUM,0.000839,4,0.000009,0.000066,0.000741,0.000021,0.000000
##END R00001 flat profile

##BEG R00005 flat profile
R00005,LOCK,
TID,execT,execC,bodyT,enterT,exitT
0,28.456329,45438,9.028931,19.387782,0.039615
1,28.201372,42728,8.854398,19.304814,0.042159
2,26.003255,57168,11.149234,14.804034,0.049988
3,26.103371,52639,10.699907,15.352849,0.050616
SUM,108.764327,197973,39.732470,68.849479,0.182378
##END R00005 flat profile

##BEG R00006 flat profile
R00006,LOCK,
TID,execT,execC,bodyT,enterT,exitT
0,8.731560,34125,7.280674,1.431775,0.019111
1,8.561234,33765,7.276618,1.265933,0.018684
2,10.627090,42250,8.863697,1.740045,0.023347
3,10.476220,39859,8.701544,1.750182,0.024494
SUM,38.396103,149999,32.122532,6.187935,0.085637
##END R00006 flat profile

##BEG R00007 flat profile
R00007,LOCK,
TID,execT,execC,bodyT,enterT,exitT
0,3.447068,22665,3.422359,0.013869,0.010841
1,3.589942,23108,3.565483,0.012996,0.011462
2,4.176448,27043,4.149471,0.015215,0.011762
3,4.256951,27183,4.228929,0.014831,0.013191
SUM,15.470409,99999,15.366241,0.056912,0.047256
##END R00007 flat profile

##BEG R00008 flat profile
R00008,LOCK,
TID,execT,execC,bodyT,enterT,exitT
0,0.787805,11398,0.774872,0.008440,0.004492
1,0.910498,12527,0.898177,0.007463,0.004858
2,0.937730,13252,0.924181,0.007616,0.005934
3,0.926555,12822,0.913326,0.007024,0.006205
SUM,3.562588,49999,3.510556,0.030543,0.021489
##END R00008 flat profile

##BEG R00009 flat profile
R00009,LOCK,
TID,execT,execC,bodyT,enterT,exitT
0,0.000000,0,0.000000,0.000000,0.000000
1,0.000000,0,0.000000,0.000000,0.000000
2,0.000000,0,0.000000,0.000000,0.000000
3,0.000000,0,0.000000,0.000000,0.000000
SUM,0.000000,0,0.000000,0.000000,0.000000
##END R00009 flat profile

##BEG R00002 flat profile
R00002,PARALLEL,main.c,180,208,
TID,execT,execC,bodyT,exitBarT,startupT,shutdwnT,taskT
0,39.885565,1,39.885541,0.000010,0.000009,0.000005,0.000000
1,39.885565,1,39.885438,0.000012,0.000109,0.000005,0.000000
2,39.885565,1,39.885512,0.000002,0.000046,0.000005,0.000000
3,39.885565,1,39.885444,0.000005,0.000110,0.000005,0.000000
SUM,159.542259,4,159.541935,0.000029,0.000274,0.000020,0.000000
##END R00002 flat profile

##END flat region profiles

##BEG callgraph region profiles
##BEG R00001 callgraph profile
[*00],unknown
[=01],R00001,PARALLEL,main.c,41,42,
TID,execT,execC,bodyT/I,bodyT/E,exitBarT,startupT,shutdwnT,taskT
0,0.000212,1,0.000002,0.000002,0.000007,0.000186,0.000003,0.000000
1,0.000212,1,0.000004,0.000004,0.000003,0.000186,0.000005,0.000000
2,0.000212,1,0.000004,0.000004,0.000004,0.000186,0.000006,0.000000
3,0.000212,1,0.000004,0.000004,0.000003,0.000186,0.000003,0.000000
SUM,0.000848,4,0.000014,0.000014,0.000017,0.000744,0.000017,0.000000
##END R00001 callgraph profile

##BEG R00002 callgraph profile
[*00],unknown
[=01],R00002,PARALLEL,main.c,180,208,
TID,execT,execC,bodyT/I,bodyT/E,exitBarT,startupT,shutdwnT,taskT
0,39.885564,1,39.885541,39.885541,0.000009,0.000009,0.000004,0.000000
1,39.885564,1,39.885439,39.885439,0.000013,0.000107,0.000004,0.000000
2,39.885564,1,39.885512,39.885512,0.000003,0.000045,0.000004,0.000000
3,39.885564,1,39.885446,39.885446,0.000005,0.000108,0.000004,0.000000
SUM,159.542255,4,159.541938,159.541938,0.000030,0.000268,0.000016,0.000000
##END R00002 callgraph profile

##END callgraph region profiles

##BEG overhead analysis report
Total runtime (wallclock) [secs],39.890764
Number of threads,4
Number of parallel regions,2
Parallel coverage [secs],39.885775
Parallel coverage [percent],99.987492

##BEG parallel regions sorted by wallclock time
,Type,Wallclock,(%)
R00002,PARALLEL,39.885565,99.986966
R00001,PARALLEL,0.000210,0.000526
SUM,39.885775,,99.987492
##END parallel regions sorted by wallclock time

##BEG overheads for parallel region
,Total,Ovhds,(%),Synch,(%),Imbal,(%),Limpar,(%),Mgmt,(%)
R00002,159.542259,0.000314,0.000197,0.000000,0.000000,0.000030,0.000019,0.000000,0.000000,0.000285,0.000178
R00001,0.000839,0.000778,92.670455,0.000000,0.000000,0.000017,2.045455,0.000000,0.000000,0.000761,90.625000
##END overheads for parallel region

##BEG overheads for whole program
,Total,Ovhds,(%),Synch,(%),Imbal,(%),Limpar,(%),Mgmt,(%)
R00001,0.000839,0.000778,0.000487,0.000000,0.000000,0.000017,0.000011,0.000000,0.000000,0.000761,0.000477
R00002,159.542259,0.000314,0.000197,0.000000,0.000000,0.000030,0.000019,0.000000,0.000000,0.000285,0.000178
SUM,159.543098,0.001092,0.000684,0.000000,0.000000,0.000047,0.000029,0.000000,0.000000,0.001045,0.000655
##END overheads for whole program

##END overhead analysis report

