##BEG header separator=,
Start Date,Wed Mar 11 01:35:24 2015
End Date,Wed Mar 11 01:35:24 2015
Duration,0.113181,sec
Application Name,unknown
Type of Report,final
Thread Count,4
ompP Version Major,0
ompP Version Minor,8
ompP Version Revision,99
ompP Build Date,Nov 16 2014 11:48:18
PAPI Support,available
Max Counters,4
PAPI Active,no
Used Counters,0
OMPP_CTR1,not set
OMPP_CTR2,not set
OMPP_CTR3,not set
OMPP_CTR4,not set
Max Evaluators,4
Used Evaluators,0
OMPP_EVAL1,not set
OMPP_EVAL2,not set
OMPP_EVAL3,not set
OMPP_EVAL4,not set
##END header
##BEG region overview
PARALLEL,2
R00001,PARALLEL,main.c,41,42,
R00002,PARALLEL,main.c,180,208,
LOCK,5
R00005,LOCK,
R00006,LOCK,
R00007,LOCK,
R00008,LOCK,
R00009,LOCK,
##END region overview

##BEG ompp callgraph
Inclusive,(%),Exclusive,(%)
0.113181,100.0,0.000521,0.460066,0,[unknown: 4 threads]
0.000136,0.120283,0.000136,0.120283,1,R00001,PARALLEL,main.c,41,42,
0.112524,99.419652,0.112524,99.419652,1,R00002,PARALLEL,main.c,180,208,
##END ompp callgraph

##BEG flat region profiles
##BEG R00001 flat profile
R00001,PARALLEL,main.c,41,42,
TID,execT,execC,bodyT,exitBarT,startupT,shutdwnT,taskT
0,0.000133,1,0.000002,0.000008,0.000118,0.000004,0.000000
1,0.000133,1,0.000003,0.000009,0.000117,0.000004,0.000000
2,0.000133,1,0.000003,0.000009,0.000117,0.000004,0.000000
3,0.000133,1,0.000003,0.000010,0.000117,0.000002,0.000000
SUM,0.000532,4,0.000010,0.000036,0.000469,0.000014,0.000000
##END R00001 flat profile

##BEG R00005 flat profile
R00005,LOCK,
TID,execT,execC,bodyT,enterT,exitT
0,0.081766,1913,0.022278,0.058769,0.000719
1,0.081407,1922,0.022333,0.058300,0.000774
2,0.080523,2018,0.023179,0.056550,0.000794
3,0.065694,3947,0.039117,0.025037,0.001540
SUM,0.309389,9800,0.106907,0.198655,0.003827
##END R00005 flat profile

##BEG R00006 flat profile
R00006,LOCK,
TID,execT,execC,bodyT,enterT,exitT
0,0.022782,1535,0.018760,0.003299,0.000723
1,0.022948,1542,0.018929,0.003283,0.000736
2,0.023206,1608,0.019136,0.003292,0.000778
3,0.037374,2814,0.029898,0.006039,0.001436
SUM,0.106310,7499,0.086723,0.015913,0.003675
##END R00006 flat profile

##BEG R00007 flat profile
R00007,LOCK,
TID,execT,execC,bodyT,enterT,exitT
0,0.011679,1112,0.010527,0.000630,0.000522
1,0.011792,1130,0.010640,0.000572,0.000581
2,0.012289,1162,0.011130,0.000545,0.000614
3,0.017308,1595,0.015534,0.000912,0.000862
SUM,0.053068,4999,0.047832,0.002659,0.002578
##END R00007 flat profile

##BEG R00008 flat profile
R00008,LOCK,
TID,execT,execC,bodyT,enterT,exitT
0,0.003385,556,0.002829,0.000258,0.000298
1,0.003488,579,0.002967,0.000213,0.000307
2,0.003649,592,0.003070,0.000250,0.000329
3,0.004857,772,0.003943,0.000456,0.000458
SUM,0.015378,2499,0.012810,0.001177,0.001392
##END R00008 flat profile

##BEG R00009 flat profile
R00009,LOCK,
TID,execT,execC,bodyT,enterT,exitT
0,0.000000,0,0.000000,0.000000,0.000000
1,0.000000,0,0.000000,0.000000,0.000000
2,0.000000,0,0.000000,0.000000,0.000000
3,0.000000,0,0.000000,0.000000,0.000000
SUM,0.000000,0,0.000000,0.000000,0.000000
##END R00009 flat profile

##BEG R00002 flat profile
R00002,PARALLEL,main.c,180,208,
TID,execT,execC,bodyT,exitBarT,startupT,shutdwnT,taskT
0,0.112525,1,0.112514,0.000002,0.000004,0.000004,0.000000
1,0.112525,1,0.112510,0.000005,0.000004,0.000005,0.000000
2,0.112525,1,0.112513,0.000002,0.000004,0.000004,0.000000
3,0.112525,1,0.112512,0.000003,0.000004,0.000005,0.000000
SUM,0.450100,4,0.450049,0.000012,0.000016,0.000018,0.000000
##END R00002 flat profile

##END flat region profiles

##BEG callgraph region profiles
##BEG R00001 callgraph profile
[*00],unknown
[=01],R00001,PARALLEL,main.c,41,42,
TID,execT,execC,bodyT/I,bodyT/E,exitBarT,startupT,shutdwnT,taskT
0,0.000136,1,0.000004,0.000004,0.000007,0.000118,0.000004,0.000000
1,0.000136,1,0.000004,0.000004,0.000007,0.000118,0.000004,0.000000
2,0.000136,1,0.000004,0.000004,0.000007,0.000118,0.000004,0.000000
3,0.000136,1,0.000004,0.000004,0.000007,0.000118,0.000003,0.000000
SUM,0.000545,4,0.000016,0.000016,0.000028,0.000472,0.000015,0.000000
##END R00001 callgraph profile

##BEG R00002 callgraph profile
[*00],unknown
[=01],R00002,PARALLEL,main.c,180,208,
TID,execT,execC,bodyT/I,bodyT/E,exitBarT,startupT,shutdwnT,taskT
0,0.112524,1,0.112515,0.112515,0.000001,0.000003,0.000004,0.000000
1,0.112524,1,0.112511,0.112511,0.000005,0.000003,0.000004,0.000000
2,0.112524,1,0.112514,0.112514,0.000002,0.000003,0.000004,0.000000
3,0.112524,1,0.112513,0.112513,0.000004,0.000002,0.000004,0.000000
SUM,0.450096,4,0.450053,0.450053,0.000012,0.000011,0.000016,0.000000
##END R00002 callgraph profile

##END callgraph region profiles

##BEG overhead analysis report
Total runtime (wallclock) [secs],0.113181
Number of threads,4
Number of parallel regions,2
Parallel coverage [secs],0.112658
Parallel coverage [percent],99.538039

##BEG parallel regions sorted by wallclock time
,Type,Wallclock,(%)
R00002,PARALLEL,0.112525,99.420494
R00001,PARALLEL,0.000133,0.117544
SUM,0.112658,,99.538039
##END parallel regions sorted by wallclock time

##BEG overheads for parallel region
,Total,Ovhds,(%),Synch,(%),Imbal,(%),Limpar,(%),Mgmt,(%)
R00002,0.450100,0.000039,0.008740,0.000000,0.000000,0.000012,0.002649,0.000000,0.000000,0.000027,0.006092
R00001,0.000532,0.000515,96.774194,0.000000,0.000000,0.000028,5.197133,0.000000,0.000000,0.000487,91.577061
##END overheads for parallel region

##BEG overheads for whole program
,Total,Ovhds,(%),Synch,(%),Imbal,(%),Limpar,(%),Mgmt,(%)
R00001,0.000532,0.000515,0.113752,0.000000,0.000000,0.000028,0.006109,0.000000,0.000000,0.000487,0.107644
R00002,0.450100,0.000039,0.008689,0.000000,0.000000,0.000012,0.002633,0.000000,0.000000,0.000027,0.006056
SUM,0.450632,0.000554,0.122442,0.000000,0.000000,0.000040,0.008742,0.000000,0.000000,0.000515,0.113700
##END overheads for whole program

##END overhead analysis report

