##BEG header separator=,
Start Date,Wed Mar 11 01:35:23 2015
End Date,Wed Mar 11 01:35:23 2015
Duration,0.004846,sec
Application Name,unknown
Type of Report,final
Thread Count,4
ompP Version Major,0
ompP Version Minor,8
ompP Version Revision,99
ompP Build Date,Nov 16 2014 11:48:18
PAPI Support,available
Max Counters,4
PAPI Active,no
Used Counters,0
OMPP_CTR1,not set
OMPP_CTR2,not set
OMPP_CTR3,not set
OMPP_CTR4,not set
Max Evaluators,4
Used Evaluators,0
OMPP_EVAL1,not set
OMPP_EVAL2,not set
OMPP_EVAL3,not set
OMPP_EVAL4,not set
##END header
##BEG region overview
PARALLEL,2
R00001,PARALLEL,main.c,41,42,
R00002,PARALLEL,main.c,180,208,
LOCK,5
R00005,LOCK,
R00006,LOCK,
R00007,LOCK,
R00008,LOCK,
R00009,LOCK,
##END region overview

##BEG ompp callgraph
Inclusive,(%),Exclusive,(%)
0.004846,100.0,0.000355,7.325593,0,[unknown: 4 threads]
0.000130,2.681295,0.000130,2.681295,1,R00001,PARALLEL,main.c,41,42,
0.004361,89.993112,0.004361,89.993112,1,R00002,PARALLEL,main.c,180,208,
##END ompp callgraph

##BEG flat region profiles
##BEG R00001 flat profile
R00001,PARALLEL,main.c,41,42,
TID,execT,execC,bodyT,exitBarT,startupT,shutdwnT,taskT
0,0.000128,1,0.000001,0.000007,0.000110,0.000009,0.000000
1,0.000128,1,0.000001,0.000015,0.000109,0.000003,0.000000
2,0.000128,1,0.000001,0.000013,0.000109,0.000005,0.000000
3,0.000128,1,0.000002,0.000007,0.000111,0.000008,0.000000
SUM,0.000511,4,0.000005,0.000042,0.000439,0.000025,0.000000
##END R00001 flat profile

##BEG R00005 flat profile
R00005,LOCK,
TID,execT,execC,bodyT,enterT,exitT
0,0.003311,184,0.000735,0.002441,0.000135
1,0.003496,178,0.000613,0.002742,0.000141
2,0.003291,211,0.000767,0.002431,0.000093
3,0.002723,415,0.001414,0.001033,0.000276
SUM,0.012821,988,0.003529,0.008647,0.000645
##END R00005 flat profile

##BEG R00006 flat profile
R00006,LOCK,
TID,execT,execC,bodyT,enterT,exitT
0,0.001036,152,0.000736,0.000254,0.000046
1,0.000818,131,0.000586,0.000186,0.000046
2,0.000999,167,0.000719,0.000231,0.000049
3,0.001873,299,0.001268,0.000520,0.000085
SUM,0.004726,749,0.003309,0.001192,0.000225
##END R00006 flat profile

##BEG R00007 flat profile
R00007,LOCK,
TID,execT,execC,bodyT,enterT,exitT
0,0.000507,115,0.000371,0.000082,0.000054
1,0.000426,94,0.000331,0.000060,0.000036
2,0.000542,115,0.000380,0.000090,0.000072
3,0.000748,175,0.000551,0.000114,0.000083
SUM,0.002223,499,0.001633,0.000345,0.000245
##END R00007 flat profile

##BEG R00008 flat profile
R00008,LOCK,
TID,execT,execC,bodyT,enterT,exitT
0,0.000203,58,0.000122,0.000043,0.000038
1,0.000179,54,0.000130,0.000023,0.000026
2,0.000166,55,0.000109,0.000026,0.000031
3,0.000313,82,0.000191,0.000036,0.000085
SUM,0.000861,249,0.000553,0.000128,0.000180
##END R00008 flat profile

##BEG R00009 flat profile
R00009,LOCK,
TID,execT,execC,bodyT,enterT,exitT
0,0.000000,0,0.000000,0.000000,0.000000
1,0.000000,0,0.000000,0.000000,0.000000
2,0.000000,0,0.000000,0.000000,0.000000
3,0.000000,0,0.000000,0.000000,0.000000
SUM,0.000000,0,0.000000,0.000000,0.000000
##END R00009 flat profile

##BEG R00002 flat profile
R00002,PARALLEL,main.c,180,208,
TID,execT,execC,bodyT,exitBarT,startupT,shutdwnT,taskT
0,0.004362,1,0.004350,0.000003,0.000005,0.000004,0.000000
1,0.004362,1,0.004350,0.000003,0.000005,0.000004,0.000000
2,0.004362,1,0.004351,0.000002,0.000005,0.000004,0.000000
3,0.004362,1,0.004348,0.000004,0.000005,0.000004,0.000000
SUM,0.017448,4,0.017400,0.000012,0.000020,0.000016,0.000000
##END R00002 flat profile

##END flat region profiles

##BEG callgraph region profiles
##BEG R00001 callgraph profile
[*00],unknown
[=01],R00001,PARALLEL,main.c,41,42,
TID,execT,execC,bodyT/I,bodyT/E,exitBarT,startupT,shutdwnT,taskT
0,0.000130,1,0.000002,0.000002,0.000004,0.000111,0.000009,0.000000
1,0.000130,1,0.000003,0.000003,0.000005,0.000109,0.000003,0.000000
2,0.000130,1,0.000003,0.000003,0.000005,0.000109,0.000005,0.000000
3,0.000130,1,0.000004,0.000004,0.000002,0.000111,0.000008,0.000000
SUM,0.000520,4,0.000012,0.000012,0.000016,0.000440,0.000025,0.000000
##END R00001 callgraph profile

##BEG R00002 callgraph profile
[*00],unknown
[=01],R00002,PARALLEL,main.c,180,208,
TID,execT,execC,bodyT/I,bodyT/E,exitBarT,startupT,shutdwnT,taskT
0,0.004361,1,0.004350,0.004350,0.000003,0.000004,0.000003,0.000000
1,0.004361,1,0.004351,0.004351,0.000002,0.000004,0.000003,0.000000
2,0.004361,1,0.004352,0.004352,0.000002,0.000004,0.000003,0.000000
3,0.004361,1,0.004348,0.004348,0.000005,0.000004,0.000003,0.000000
SUM,0.017445,4,0.017401,0.017401,0.000012,0.000016,0.000012,0.000000
##END R00002 callgraph profile

##END callgraph region profiles

##BEG overhead analysis report
Total runtime (wallclock) [secs],0.004846
Number of threads,4
Number of parallel regions,2
Parallel coverage [secs],0.004490
Parallel coverage [percent],92.649808

##BEG parallel regions sorted by wallclock time
,Type,Wallclock,(%)
R00002,PARALLEL,0.004362,90.012791
R00001,PARALLEL,0.000128,2.637017
SUM,0.004490,,92.649808
##END parallel regions sorted by wallclock time

##BEG overheads for parallel region
,Total,Ovhds,(%),Synch,(%),Imbal,(%),Limpar,(%),Mgmt,(%)
R00002,0.017448,0.000041,0.232291,0.000000,0.000000,0.000012,0.068321,0.000000,0.000000,0.000029,0.163970
R00001,0.000511,0.000481,94.076493,0.000000,0.000000,0.000016,3.171642,0.000000,0.000000,0.000465,90.904851
##END overheads for parallel region

##BEG overheads for whole program
,Total,Ovhds,(%),Synch,(%),Imbal,(%),Limpar,(%),Mgmt,(%)
R00001,0.000511,0.000481,2.480813,0.000000,0.000000,0.000016,0.083637,0.000000,0.000000,0.000465,2.397176
R00002,0.017448,0.000041,0.209092,0.000000,0.000000,0.000012,0.061498,0.000000,0.000000,0.000029,0.147594
SUM,0.017960,0.000521,2.689905,0.000000,0.000000,0.000028,0.145134,0.000000,0.000000,0.000493,2.544770
##END overheads for whole program

##END overhead analysis report

